Harmonic_Profile_Slot,Mapped_Symbols,Notes
I,"I,I+,I+/F,I+/V,I/A,I/A#,I/B,I/C,I/C#,I/D,I/D#,I/E,I/F,I/F#,I/G,I/G#,I/I,I/IV,I/V,I/bIII,I/bVI,I/bVII,I/ii,I/iii,I/iv,I/v,I/vi,I/vii,I11,I11/D,I11/F,I11/IV,I11/V,I11/ii,I11/iii,I11/vii,I13,I13/C,I13/F,I13/G,I13/I,I13/IV,I13/V,I13/ii,I13/iii,I13/vi,I13/vii,I7,I7/A#,I7/C,I7/C#,I7/D,I7/D#,I7/E,I7/F,I7/G,I7/IV,I7/V,I7/bIII,I7/bVI,I7/bVII,I7/ii,I7/iii,I7/iv,I7/v,I7/vi,I7/vii,I7sus2,I7sus2/V,I7sus4,I7sus4/F,I7sus4/IV,I7sus4/V,I9,I9/A#,I9/C,I9/D,I9/D#,I9/F,I9/G,I9/I,I9/IV,I9/V,I9/bVII,I9/ii,I9/iii,I9/iv,I9/vi,I9/vii,Isus4,Isus4/A#,Isus4/C,Isus4/D,Isus4/F,Isus4/F#,Isus4/G,Isus4/IV,Isus4/V,Isus4/ii,Isus4/iii,Isus4/vi,Isus4/vii","Major I chord and all extensions/slash chords"
ii,"ii,ii+,ii+/IV,ii/A,ii/C,ii/E,ii/F,ii/G,ii/G#,ii/I,ii/IV,ii/V,ii/iii,ii/vi,ii/vii,ii11,ii11/I,ii11/IV,ii11/V,ii11/vi,ii13,ii13/A#,ii13/G,ii13/I,ii13/IV,ii13/V,ii13/iii,ii13/vi,ii13/vii,ii7,ii7/A,ii7/A#,ii7/B,ii7/C,ii7/D,ii7/E,ii7/F,ii7/G,ii7/G#,ii7/I,ii7/IV,ii7/V,ii7/iii,ii7/vi,ii7sus2,ii7sus2/F,ii7sus2/I,ii7sus2/IV,ii7sus4,ii7sus4/C,ii7sus4/V,ii7sus4/vi,ii9,ii9/A,ii9/B,ii9/I,ii9/IV,ii9/V,ii9/vi,ii9add9,ii9add9/vi,iisus4,iisus4/D#,iisus4/F,iisus4/I,iisus4/V,iisus4/vi,iisus4/vii,ii°,ii°+,ii°/A,ii°/A#,ii°/B,ii°/C#,ii°/D#,ii°/G,ii°/G#,ii°/I,ii°/IV,ii°/bIII,ii°/bVI,ii°/bVII,ii°/i,ii°/iv,ii°/v,ii°11,ii°11/D#,ii°11/bVI,ii°11/i,ii°11/v,ii°13,ii°13/bVI,ii°13/bVII,ii°7,ii°7/B,ii°7/C,ii°7/D#,ii°7/F,ii°7/G#,ii°7/I,ii°7/IV,ii°7/V,ii°7/bIII,ii°7/bVI,ii°7/bVII,ii°7/i,ii°7/iv,ii°7/v,ii°7sus2,ii°7sus4,ii°7sus4/v,ii°9,ii°9/iv,ii°9add9,ii°sus4,ii°sus4/bIII,ii°sus4/bVI,ii°sus4/bVII","Minor ii chord and all extensions/slash chords"
iii,"iii,iii+,iii+/IV,iii+/V,iii/A,iii/B,iii/F,iii/G#,iii/I,iii/IV,iii/V,iii/bVII,iii/i,iii/ii,iii/v,iii/vi,iii/vii,iii11,iii11/IV,iii13,iii13/vii,iii7,iii7/A,iii7/A#,iii7/B,iii7/D#,iii7/E,iii7/F,iii7/G#,iii7/I,iii7/V,iii7/ii,iii7/vi,iii7/vii,iii7sus2,iii7sus2/ii,iii7sus4,iii7sus4/V,iii7sus4/ii,iii7sus4/vi,iii7sus4/vii,iii9,iii9/F,iii9/I,iii9/IV,iii9/V,iii9/ii,iii9/vi,iii9/vii,iii9add9,iiisus4,iiisus4/F,iiisus4/IV,iiisus4/ii,iiisus4/vii,iii°,iii°/D#,iii°/I,iii°/V,iii°/ii,iii°7,iii°7/vi","Minor iii chord and all extensions/slash chords"
IV,"IV,IV+,IV+/iii,IV/A,IV/A#,IV/B,IV/C,IV/C#,IV/D,IV/D#,IV/E,IV/F,IV/F#,IV/G,IV/G#,IV/I,IV/V,IV/bIII,IV/bVI,IV/bVII,IV/i,IV/ii,IV/iii,IV/v,IV/vi,IV/vii,IV11,IV11/C,IV11/I,IV11/V,IV11/ii,IV13,IV13/A#,IV13/I,IV13/V,IV13/ii,IV13/vi,IV7,IV7/A,IV7/A#,IV7/D#,IV7/E,IV7/F,IV7/F#,IV7/G,IV7/G#,IV7/I,IV7/V,IV7/bIII,IV7/bVI,IV7/i,IV7/ii,IV7/iii,IV7/vi,IV7sus2,IV7sus2/I,IV7sus4,IV7sus4/D,IV9,IV9/C,IV9/C#,IV9/F,IV9/I,IV9/V,IV9/ii,IV9/iii,IV9/vi,IVsus4,IVsus4/A#,IVsus4/G#,IVsus4/I,IVsus4/V,IVsus4/ii","Major IV chord and all extensions/slash chords"
V,"V,V+,V+/F,V+/ii,V+/vii,V/A,V/A#,V/B,V/C,V/C#,V/D,V/D#,V/E,V/F,V/F#,V/G,V/G#,V/I,V/IV,V/bIII,V/bVI,V/bVII,V/i,V/ii,V/iii,V/iv,V/vi,V/vii,V11,V11/C,V11/F,V11/G,V11/I,V11/IV,V11/ii,V11/vi,V11/vii,V13,V13/C,V13/F,V13/I,V13/ii,V13/iii,V13/vi,V13/vii,V7,V7/A#,V7/C,V7/D,V7/F,V7/F#,V7/G,V7/I,V7/IV,V7/ii,V7/iii,V7/ii°,V7/ii°/i,V7/ii°/ii,V7/iv,V7/vi,V7/vii,V7/vii°,V7/vii°/B,V7/vii°/F,V7/vii°/G#,V7/vii°/vi,V7sus2,V7sus2/IV,V7sus2/ii,V7sus4,V7sus4/F,V7sus4/I,V7sus4/IV,V7sus4/ii,V7sus4/iii,V9,V9/C,V9/F,V9/G,V9/IV,V9/ii,V9/vi,V9/vii,Vsus4,Vsus4/C,Vsus4/D,Vsus4/F,Vsus4/I,Vsus4/IV,Vsus4/ii,Vsus4/iii,Vsus4/vi,Vsus4/vii","Major V chord and all extensions/slash chords"
vi,"vi,vi+,vi+/C#,vi/A#,vi/B,vi/C,vi/C#,vi/D#,vi/E,vi/F,vi/F#,vi/I,vi/IV,vi/V,vi/bIII,vi/i,vi/ii,vi/iii,vi/iv,vi/v,vi/vii,vi11,vi11/F,vi11/I,vi11/V,vi11/ii,vi11/iii,vi13,vi13/IV,vi7,vi7/A,vi7/C,vi7/D#,vi7/E,vi7/F,vi7/G#,vi7/I,vi7/IV,vi7/V,vi7/ii,vi7/iii,vi7sus2,vi7sus2/V,vi7sus2/iii,vi7sus4,vi7sus4/ii,vi7sus4/iii,vi9,vi9/F,vi9/I,vi9/IV,vi9/V,vi9/iii,vi9add9,vi9add9/IV,vi9add9/V,vi9add9/iii,visus4,visus4/F,visus4/IV,visus4/V,visus4/ii,visus4/iii,visus4/vii,vi°,vi°/I,vi°7,vi°7/I,vi°7/V","Minor vi chord and all extensions/slash chords"
viiø,"vii,vii/A#,vii/ii,vii°,vii°+,vii°+/B,vii°+/I,vii°+/IV,vii°/A,vii°/A#,vii°/B,vii°/C,vii°/C#,vii°/D#,vii°/G#,vii°/I,vii°/IV,vii°/V,vii°/ii,vii°/iii,vii°/vi,vii°11,vii°13,vii°13/ii,vii°7,vii°7/A,vii°7/C,vii°7/D,vii°7/D#,vii°7/E,vii°7/I,vii°7/IV,vii°7/ii,vii°7/iii,vii°7/vi,vii°7sus2,vii°7sus2/B,vii°7sus4,vii°7sus4/I,vii°9,vii°9/I,vii°9/ii,vii°9/vi,vii°9add9,vii°sus4,vii°sus4/IV","Half-diminished vii chord and all extensions/slash chords"
i,"i,i+,i+/bIII,i+/bVI,i+/bVII,i/A#,i/B,i/C,i/C#,i/D,i/D#,i/E,i/F,i/F#,i/G,i/G#,i/IV,i/V,i/bIII,i/bVI,i/bVII,i/ii,i/iv,i/v,i/vi,i/vii,i11,i11/F,i11/bIII,i11/bVI,i11/bVII,i11/ii,i11/iv,i11/v,i13,i13/bIII,i13/bVI,i13/ii,i13/v,i7,i7/A,i7/A#,i7/B,i7/C,i7/D#,i7/F,i7/G,i7/G#,i7/IV,i7/V,i7/bIII,i7/bVI,i7/bVII,i7/ii,i7/iv,i7/v,i7/vi,i7sus2,i7sus2/C,i7sus2/bVII,i7sus2/ii,i7sus2/v,i7sus4,i7sus4/bVII,i7sus4/iv,i9,i9/C#,i9/D,i9/F,i9/G,i9/bIII,i9/bVI,i9/bVII,i9/iv,i9/v,i9add9,i9add9/v,isus4,isus4/bIII,isus4/bVI,isus4/bVII,isus4/ii,isus4/iv,isus4/v,i°,i°/A#,i°/D#,i°/IV,i°/V,i°/ii,i°/iv,i°/vii,i°7,i°7/D#,i°7/F#,i°7/IV","Minor i chord and all extensions/slash chords"
iiø,"ii°,ii°+,ii°/A,ii°/A#,ii°/B,ii°/C#,ii°/D#,ii°/G,ii°/G#,ii°/I,ii°/IV,ii°/bIII,ii°/bVI,ii°/bVII,ii°/i,ii°/iv,ii°/v,ii°11,ii°11/D#,ii°11/bVI,ii°11/i,ii°11/v,ii°13,ii°13/bVI,ii°13/bVII,ii°7,ii°7/B,ii°7/C,ii°7/D#,ii°7/F,ii°7/G#,ii°7/I,ii°7/IV,ii°7/V,ii°7/bIII,ii°7/bVI,ii°7/bVII,ii°7/i,ii°7/iv,ii°7/v,ii°7sus2,ii°7sus4,ii°7sus4/v,ii°9,ii°9/iv,ii°9add9,ii°sus4,ii°sus4/bIII,ii°sus4/bVI,ii°sus4/bVII","Half-diminished ii chord and extensions"
bIII,"bIII,bIII+,bIII+/C,bIII+/bVII,bIII+/ii,bIII/A,bIII/A#,bIII/B,bIII/C,bIII/C#,bIII/D,bIII/D#,bIII/E,bIII/F,bIII/F#,bIII/G,bIII/G#,bIII/I,bIII/IV,bIII/V,bIII/bVI,bIII/bVII,bIII/i,bIII/ii,bIII/iv,bIII/v,bIII11,bIII11/F,bIII11/bIII,bIII11/bVII,bIII11/iv,bIII13,bIII13/F,bIII13/bVII,bIII13/i,bIII13/v,bIII7,bIII7/A#,bIII7/C,bIII7/D#,bIII7/F,bIII7/G#,bIII7/bVI,bIII7/bVII,bIII7/i,bIII7/ii,bIII7/iv,bIII7/v,bIII7sus2,bIII7sus4,bIII9,bIII9/F,bIII9/bVI,bIII9/bVII,bIII9/i,bIII9/ii,bIII9/iv,bIII9/v,bIIIsus4,bIIIsus4/bVI,bIIIsus4/bVII,bIII°,bIII°/F#,bIII°/ii","Flat major III chord and extensions"
iv,"iv,iv+,iv+/A#,iv/A#,iv/B,iv/C,iv/C#,iv/D,iv/D#,iv/E,iv/F,iv/F#,iv/G#,iv/I,iv/V,iv/bIII,iv/bVI,iv/bVII,iv/i,iv/ii,iv/iii,iv/v,iv11,iv11/i,iv13,iv13/bVI,iv13/i,iv13/v,iv7,iv7/A,iv7/A#,iv7/B,iv7/C,iv7/C#,iv7/D,iv7/D#,iv7/F,iv7/G#,iv7/I,iv7/V,iv7/bIII,iv7/bVI,iv7/bVII,iv7/i,iv7/ii,iv7/v,iv7/vi,iv7sus2,iv7sus2/bIII,iv7sus4,iv7sus4/bIII,iv7sus4/bVII,iv9,iv9/A#,iv9/B,iv9/F#,iv9/V,iv9/bIII,iv9/bVI,iv9/i,iv9/v,iv9add9,iv9add9/C,iv9add9/I,ivsus4,ivsus4/bVI,ivsus4/bVII,ivsus4/i,ivsus4/v,iv°,iv°/I,iv°/V,iv°/bIII,iv°/bVI,iv°/bVII,iv°/vii,iv°7,iv°7/I,iv°7/vii","Minor iv chord and all extensions/slash chords"
v,"v,v+,v+/bIII,v/A#,v/B,v/C,v/C#,v/D,v/D#,v/E,v/F,v/F#,v/G,v/G#,v/I,v/IV,v/bIII,v/bVI,v/bVII,v/i,v/ii,v/iii,v/iv,v/vi,v/vii,v11,v11/F,v11/bVI,v11/i,v11/ii,v11/iv,v13,v13/E,v13/bVII,v13/i,v7,v7/A#,v7/B,v7/C,v7/C#,v7/E,v7/F,v7/G,v7/I,v7/IV,v7/bIII,v7/bVI,v7/bVII,v7/i,v7/ii,v7/iv,v7sus2,v7sus4,v7sus4/F,v7sus4/bVI,v7sus4/i,v7sus4/ii,v9,v9/C#,v9/D#,v9/E,v9/F,v9/I,v9/IV,v9/bVII,v9/ii,v9/iv,v9add9,v9add9/IV,vsus4,vsus4/F,vsus4/bVI,vsus4/bVII,vsus4/i,vsus4/ii,vsus4/iv,v°,v°/A#,v°/C,v°/D#,v°/IV,v°/bVII,v°/vi,v°/vii,v°7,v°7/G#,v°7/I,v°7/bVII,v°7/i,v°7/vi","Minor v chord and all extensions/slash chords"
bVI,"bVI,bVI+,bVI+/A#,bVI+/i,bVI/A,bVI/A#,bVI/B,bVI/C,bVI/C#,bVI/D,bVI/D#,bVI/E,bVI/F,bVI/F#,bVI/G,bVI/G#,bVI/I,bVI/IV,bVI/V,bVI/bIII,bVI/bVII,bVI/i,bVI/ii,bVI/iii,bVI/iv,bVI/v,bVI/vi,bVI/vii,bVI11,bVI11/v,bVI13,bVI13/bIII,bVI13/i,bVI7,bVI7/A#,bVI7/F#,bVI7/G#,bVI7/bIII,bVI7/bVII,bVI7/i,bVI7/iv,bVI7/v,bVI7sus2,bVI7sus4,bVI9,bVI9/bIII,bVI9/bVII,bVI9/i,bVI9/v,bVI9add9,bVIsus4,bVIsus4/bIII,bVI°,bVI°/V,bVI°/ii,bVI°/vi,bVI°7,bVI°7/D,bVI°7/i","Flat major VI chord and extensions"
bVII,"bVII,bVII+,bVII/A#,bVII/B,bVII/C,bVII/C#,bVII/D,bVII/D#,bVII/F,bVII/F#,bVII/G#,bVII/I,bVII/IV,bVII/V,bVII/bIII,bVII/bVI,bVII/i,bVII/ii,bVII/iii,bVII/iv,bVII/v,bVII/vi,bVII/vii,bVII11,bVII11/A#,bVII11/bIII,bVII11/i,bVII11/iv,bVII13,bVII13/F,bVII13/i,bVII13/ii,bVII13/iv,bVII13/v,bVII7,bVII7/A#,bVII7/D#,bVII7/F,bVII7/bIII,bVII7/bVI,bVII7/i,bVII7/ii,bVII7/iv,bVII7/v,bVII7sus2,bVII7sus4,bVII7sus4/iv,bVII9,bVII9/F,bVII9/i,bVII9/ii,bVII9/iv,bVII9/v,bVII9add9,bVII9add9/A#,bVIIsus4,bVIIsus4/F,bVIIsus4/v,bVII°,bVII°/F,bVII°/ii","Flat major VII chord and extensions"
I7,"I7,I7/A#,I7/C,I7/C#,I7/D,I7/D#,I7/E,I7/F,I7/G,I7/IV,I7/V,I7/bIII,I7/bVI,I7/bVII,I7/ii,I7/iii,I7/iv,I7/v,I7/vi,I7/vii,I7sus2,I7sus2/V,I7sus4,I7sus4/F,I7sus4/IV,I7sus4/V","Major I7 chord and extensions (non-diatonic)"
iiiø,"iii°,iii°/D#,iii°/I,iii°/V,iii°/ii,iii°7,iii°7/vi","Half-diminished iii chord and extensions"
II(7),"II,II/A,II/B,II/C,II/D,II/D#,II/E,II/F,II/G,II/I,II/IV,II/V,II/iii,II/vi,II/vii,II11,II7,II7/I,II7/IV,II7/iii,II7/vi,II9,II9/I","Major II chord and extensions (secondary dominant)"
#ivø,"#iv,#iv+,#iv/A#,#iv/B,#iv/C#,#iv/D,#iv/D#,#iv/F,#iv/F#,#iv/G#,#iv/bIII,#iv/bVI,#iv/bVII,#iv/i,#iv/ii,#iv/iv,#iv°","Sharpened minor iv chord and extensions"
III(7),"III,III+,III/A,III/B,III/C#,III/D,III/D#,III/E,III/F,III/F#,III/G#,III/I,III/IV,III/V,III/bIII,III/bVI,III/ii,III/iv,III/v,III/vi,III/vii,III13,III7,III7/C#,III7/I,III7/V,III7/ii,III7/vii,III9,III9/IV,III°","Major III chord and extensions (non-diatonic)"
#vº,"#v","Sharpened diminished v chord"
VI(7),"VI,VI+,VI/A#,VI/B,VI/C,VI/D,VI/D#,VI/E,VI/F,VI/G,VI/G#,VI/I,VI/IV,VI/V,VI/i,VI/ii,VI/iii,VI/iv,VI/v,VI/vii,VI7,VI7/I,VI7/V,VI7/ii,VI7/iii,VI7/vii,VI9,VI9/vii","Major VI chord and extensions (non-diatonic)"
#iº,"#i","Sharpened diminished i chord"
VII(7),"VII,VII+,VII/A#,VII/B,VII/C,VII/C#,VII/D#,VII/F#,VII/G#,VII/bIII,VII/bVII,VII/i,VII/ii,VII/iv,VII/v,VII°","Major VII chord and extensions (non-diatonic)"
#iiº,"#ii","Sharpened diminished ii chord"
V(7),"V(7)","Dominant V chord in minor key"
viiº,"vii°,vii°+,vii°+/B,vii°+/I,vii°+/IV,vii°/A,vii°/A#,vii°/B,vii°/C,vii°/C#,vii°/D#,vii°/G#,vii°/I,vii°/IV,vii°/V,vii°/ii,vii°/iii,vii°/vi,vii°11,vii°13,vii°13/ii,vii°7,vii°7/A,vii°7/C,vii°7/D,vii°7/D#,vii°7/E,vii°7/I,vii°7/IV,vii°7/ii,vii°7/iii,vii°7/vi,vii°7sus2,vii°7sus2/B,vii°7sus4,vii°7sus4/I,vii°9,vii°9/I,vii°9/ii,vii°9/vi,vii°9add9,vii°sus4,vii°sus4/IV","Fully diminished vii chord and extensions"
Other,"<bridge_1>,<bridge_2>,<bridge_3>,<bridge_4>,<bridge_5>,<bridge_6>,<bridge_7>,<bridge_8>,<bridge_9>,<chorus_10>,<chorus_11>,<chorus_12>,<chorus_13>,<chorus_14>,<chorus_15>,<chorus_16>,<chorus_17>,<chorus_18>,<chorus_1>,<chorus_2>,<chorus_3>,<chorus_4>,<chorus_5>,<chorus_6>,<chorus_7>,<chorus_8>,<chorus_9>,<instrumental_1>,<instrumental_2>,<instrumental_3>,<instrumental_4>,<instrumental_5>,<instrumental_6>,<interlude_1>,<interlude_2>,<interlude_3>,<interlude_4>,<interlude_5>,<interlude_6>,<interlude_7>,<interlude_8>,<intro_1>,<intro_2>,<intro_3>,<intro_4>,<outro_1>,<outro_2>,<outro_3>,<solo_1>,<solo_2>,<solo_3>,<solo_4>,<solo_5>,<solo_6>,<solo_7>,<verse_10>,<verse_11>,<verse_12>,<verse_13>,<verse_14>,<verse_15>,<verse_16>,<verse_17>,<verse_18>,<verse_1>,<verse_2>,<verse_3>,<verse_4>,<verse_5>,<verse_6>,<verse_7>,<verse_8>,<verse_9>","Section tags and unmapped symbols - edit for fringe cases" 